time,.linear.x,.linear.y,.linear.z,.angular.x,.angular.y,.angular.z
1970/01/01/05:35:56.835000,-0.312,0.0,0.0,0.0,0.0,6.696300000000001
1970/01/01/05:35:56.935000,-0.31,0.0,0.0,0.0,0.0,7.173300000000001
1970/01/01/05:35:57.034000,-0.309,0.0,0.0,0.0,0.0,7.6358000000000015
1970/01/01/05:35:57.135000,-0.308,0.0,0.0,0.0,0.0,8.0881
1970/01/01/05:35:57.235000,-0.307,0.0,0.0,0.0,0.0,8.5267
1970/01/01/05:35:57.335000,-0.305,0.0,0.0,0.0,0.0,8.9537
1970/01/01/05:35:57.433000,-0.304,0.0,0.0,0.0,0.0,9.3699
1970/01/01/05:35:57.533000,-0.303,0.0,0.0,0.0,0.0,9.7732
1970/01/01/05:35:57.635000,-0.301,0.0,0.0,0.0,0.0,10.1649
1970/01/01/05:35:57.734000,-0.3,0.0,0.0,0.0,0.0,10.5445
1970/01/01/05:35:57.835000,-0.298,0.0,0.0,0.0,0.0,10.9141
1970/01/01/05:35:57.935000,-0.297,0.0,0.0,0.0,0.0,11.272499999999999
1970/01/01/05:35:58.035000,-0.295,0.0,0.0,0.0,0.0,11.618799999999998
1970/01/01/05:35:58.135000,-0.293,0.0,0.0,0.0,0.0,11.9538
1970/01/01/05:35:58.235000,-0.292,0.0,0.0,0.0,0.0,12.279599999999999
1970/01/01/05:35:58.335000,-0.29,0.0,0.0,0.0,0.0,12.592999999999998
1970/01/01/05:35:58.435000,-0.289,0.0,0.0,0.0,0.0,12.897199999999998
1970/01/01/05:35:58.534000,-0.287,0.0,0.0,0.0,0.0,13.189799999999998
1970/01/01/05:35:58.635000,-0.285,0.0,0.0,0.0,0.0,13.471999999999998
1970/01/01/05:35:58.735000,-0.284,0.0,0.0,0.0,0.0,13.744699999999998
1970/01/01/05:35:58.835000,-0.282,0.0,0.0,0.0,0.0,14.006999999999998
1970/01/01/05:35:58.933000,-0.28,0.0,0.0,0.0,0.0,14.259799999999998
1970/01/01/05:35:59.033000,-0.278,0.0,0.0,0.0,0.0,14.501999999999999
1970/01/01/05:35:59.135000,-0.276,0.0,0.0,0.0,0.0,14.734599999999999
1970/01/01/05:35:59.234000,-0.275,0.0,0.0,0.0,0.0,14.956599999999998
1970/01/01/05:35:59.335000,-0.273,0.0,0.0,0.0,0.0,15.167199999999998
1970/01/01/05:35:59.435000,-0.271,0.0,0.0,0.0,0.0,15.365499999999997
1970/01/01/05:35:59.535000,-0.269,0.0,0.0,0.0,0.0,15.553199999999997
1970/01/01/05:35:59.635000,-0.267,0.0,0.0,0.0,0.0,15.729599999999996
1970/01/01/05:35:59.735000,-0.265,0.0,0.0,0.0,0.0,15.895399999999997
1970/01/01/05:35:59.835000,-0.263,0.0,0.0,0.0,0.0,16.049699999999998
1970/01/01/05:35:59.935000,-0.261,0.0,0.0,0.0,0.0,16.194399999999998
1970/01/01/05:36:00.035000,-0.26,0.0,0.0,0.0,0.0,16.332199999999997
1970/01/01/05:36:00.135000,-0.258,0.0,0.0,0.0,0.0,16.4595
1970/01/01/05:36:00.235000,-0.256,0.0,0.0,0.0,0.0,16.5747
1970/01/01/05:36:00.335000,-0.254,0.0,0.0,0.0,0.0,16.6751
1970/01/01/05:36:00.435000,-0.252,0.0,0.0,0.0,0.0,16.765900000000002
1970/01/01/05:36:00.535000,-0.25,0.0,0.0,0.0,0.0,16.846400000000003
1970/01/01/05:36:00.634000,-0.248,0.0,0.0,0.0,0.0,16.916600000000003
1970/01/01/05:36:00.734000,-0.246,0.0,0.0,0.0,0.0,16.975700000000003
1970/01/01/05:36:00.835000,-0.244,0.0,0.0,0.0,0.0,17.0237
1970/01/01/05:36:00.935000,-0.242,0.0,0.0,0.0,0.0,17.0607
1970/01/01/05:36:01.035000,-0.24,0.0,0.0,0.0,0.0,17.0868
1970/01/01/05:36:01.135000,-0.238,0.0,0.0,0.0,0.0,17.1012
1970/01/01/05:36:01.235000,-0.236,0.0,0.0,0.0,0.0,17.104
1970/01/01/05:36:01.334000,-0.234,0.0,0.0,0.0,0.0,17.0936
1970/01/01/05:36:01.433000,-0.232,0.0,0.0,0.0,0.0,17.070999999999998
1970/01/01/05:36:01.535000,-0.229,0.0,0.0,0.0,0.0,17.033099999999997
1970/01/01/05:36:01.635000,-0.227,0.0,0.0,0.0,0.0,16.9823
1970/01/01/05:36:01.735000,-0.224,0.0,0.0,0.0,0.0,16.9166
1970/01/01/05:36:01.835000,-0.222,0.0,0.0,0.0,0.0,16.8383
1970/01/01/05:36:01.935000,-0.219,0.0,0.0,0.0,0.0,16.7462
1970/01/01/05:36:02.034000,-0.216,0.0,0.0,0.0,0.0,16.6397
1970/01/01/05:36:02.135000,-0.213,0.0,0.0,0.0,0.0,16.517500000000002
1970/01/01/05:36:02.234000,-0.211,0.0,0.0,0.0,0.0,16.382
1970/01/01/05:36:02.334000,-0.207,0.0,0.0,0.0,0.0,16.230500000000003
1970/01/01/05:36:02.435000,-0.204,0.0,0.0,0.0,0.0,16.064000000000004
1970/01/01/05:36:02.535000,-0.201,0.0,0.0,0.0,0.0,15.882800000000003
1970/01/01/05:36:02.635000,-0.199,0.0,0.0,0.0,0.0,15.688600000000003
1970/01/01/05:36:02.735000,-0.196,0.0,0.0,0.0,0.0,15.481400000000002
1970/01/01/05:36:02.834000,-0.192,0.0,0.0,0.0,0.0,15.259500000000003
1970/01/01/05:36:02.934000,-0.19,0.0,0.0,0.0,0.0,15.025300000000003
1970/01/01/05:36:03.034000,-0.187,0.0,0.0,0.0,0.0,14.779100000000003
1970/01/01/05:36:03.135000,-0.184,0.0,0.0,0.0,0.0,14.521000000000003
1970/01/01/05:36:03.235000,-0.18,0.0,0.0,0.0,0.0,14.249200000000002
1970/01/01/05:36:03.335000,-0.177,0.0,0.0,0.0,0.0,13.965300000000003
1970/01/01/05:36:03.435000,-0.174,0.0,0.0,0.0,0.0,13.668900000000002
1970/01/01/05:36:03.535000,-0.171,0.0,0.0,0.0,0.0,13.362300000000003
1970/01/01/05:36:03.633000,-0.167,0.0,0.0,0.0,0.0,13.043700000000003
1970/01/01/05:36:03.734000,-0.164,0.0,0.0,0.0,0.0,12.713200000000002
1970/01/01/05:36:03.834000,-0.161,0.0,0.0,0.0,0.0,12.372600000000002
1970/01/01/05:36:03.935000,-0.158,0.0,0.0,0.0,0.0,12.021400000000002
1970/01/01/05:36:04.035000,-0.155,0.0,0.0,0.0,0.0,11.660500000000003
1970/01/01/05:36:04.135000,-0.152,0.0,0.0,0.0,0.0,11.290100000000002
1970/01/01/05:36:04.235000,-0.149,0.0,0.0,0.0,0.0,10.911200000000003
1970/01/01/05:36:04.334000,-0.146,0.0,0.0,0.0,0.0,10.523300000000003
1970/01/01/05:36:04.432000,-0.143,0.0,0.0,0.0,0.0,10.127200000000002
1970/01/01/05:36:04.533000,-0.14,0.0,0.0,0.0,0.0,9.723800000000002
1970/01/01/05:36:04.634000,-0.138,0.0,0.0,0.0,0.0,9.313200000000002
1970/01/01/05:36:04.735000,-0.135,0.0,0.0,0.0,0.0,8.895000000000001
1970/01/01/05:36:04.835000,-0.132,0.0,0.0,0.0,0.0,8.470600000000001
1970/01/01/05:36:04.935000,-0.13,0.0,0.0,0.0,0.0,8.0408
1970/01/01/05:36:05.034000,-0.127,0.0,0.0,0.0,0.0,7.604500000000001
1970/01/01/05:36:05.135000,-0.125,0.0,0.0,0.0,0.0,7.162300000000001
1970/01/01/05:36:05.234000,-0.122,0.0,0.0,0.0,0.0,6.714500000000001
1970/01/01/05:36:05.335000,-0.12,0.0,0.0,0.0,0.0,6.261700000000001
1970/01/01/05:36:05.435000,-0.118,0.0,0.0,0.0,0.0,5.804100000000001
1970/01/01/05:36:05.534000,-0.115,0.0,0.0,0.0,0.0,5.341200000000001
1970/01/01/05:36:05.636000,-0.113,0.0,0.0,0.0,0.0,4.8744000000000005
1970/01/01/05:36:05.735000,-0.11,0.0,0.0,0.0,0.0,4.4030000000000005
1970/01/01/05:36:05.835000,-0.108,0.0,0.0,0.0,0.0,3.9272000000000005
1970/01/01/05:36:05.935000,-0.106,0.0,0.0,0.0,0.0,3.4476000000000004
1970/01/01/05:36:06.035000,-0.104,0.0,0.0,0.0,0.0,2.9644000000000004
1970/01/01/05:36:06.134000,-0.102,0.0,0.0,0.0,0.0,2.4776000000000002
1970/01/01/05:36:06.235000,-0.1,0.0,0.0,0.0,0.0,1.9879000000000002
1970/01/01/05:36:06.335000,-0.098,0.0,0.0,0.0,0.0,1.4945000000000002
1970/01/01/05:36:06.434000,-0.096,0.0,0.0,0.0,0.0,0.9979000000000002
1970/01/01/05:36:06.534000,-0.094,0.0,0.0,0.0,0.0,0.4986000000000002
1970/01/01/05:36:06.635000,-0.092,0.0,0.0,0.0,0.0,-0.00359999999999977
1970/01/01/05:36:06.735000,-0.09,0.0,0.0,0.0,0.0,-0.5082999999999998
1970/01/01/05:36:06.835000,-0.091,0.0,0.0,0.0,0.0,-1.0117999999999996
1970/01/01/05:36:06.935000,-0.093,0.0,0.0,0.0,0.0,-1.5120999999999996
1970/01/01/05:36:07.034000,-0.094,0.0,0.0,0.0,0.0,-2.0085999999999995
1970/01/01/05:36:07.134000,-0.095,0.0,0.0,0.0,0.0,-2.5008999999999997
1970/01/01/05:36:07.234000,-0.096,0.0,0.0,0.0,0.0,-2.9888999999999997
1970/01/01/05:36:07.335000,-0.097,0.0,0.0,0.0,0.0,-3.4730999999999996
1970/01/01/05:36:07.434000,-0.098,0.0,0.0,0.0,0.0,-3.9534999999999996
1970/01/01/05:36:07.535000,-0.098,0.0,0.0,0.0,0.0,-4.4296999999999995
1970/01/01/05:36:07.634000,-0.099,0.0,0.0,0.0,0.0,-4.9017
1970/01/01/05:36:07.734000,-0.101,0.0,0.0,0.0,0.0,-5.3695
1970/01/01/05:36:07.834000,-0.102,0.0,0.0,0.0,0.0,-5.8331
1970/01/01/05:36:07.935000,-0.103,0.0,0.0,0.0,0.0,-6.2924999999999995
1970/01/01/05:36:08.035000,-0.103,0.0,0.0,0.0,0.0,-6.7478
1970/01/01/05:36:08.135000,-0.104,0.0,0.0,0.0,0.0,-7.1985
1970/01/01/05:36:08.235000,-0.105,0.0,0.0,0.0,0.0,-7.6455
1970/01/01/05:36:08.335000,-0.106,0.0,0.0,0.0,0.0,-8.088000000000001
1970/01/01/05:36:08.435000,-0.107,0.0,0.0,0.0,0.0,-8.5264
1970/01/01/05:36:08.535000,-0.108,0.0,0.0,0.0,0.0,-8.9603
1970/01/01/05:36:08.635000,-0.109,0.0,0.0,0.0,0.0,-9.3901
1970/01/01/05:36:08.734000,-0.11,0.0,0.0,0.0,0.0,-9.815
1970/01/01/05:36:08.835000,-0.111,0.0,0.0,0.0,0.0,-10.235299999999999
1970/01/01/05:36:08.934000,-0.112,0.0,0.0,0.0,0.0,-10.6512
1970/01/01/05:36:09.035000,-0.113,0.0,0.0,0.0,0.0,-11.063099999999999
1970/01/01/05:36:09.135000,-0.114,0.0,0.0,0.0,0.0,-11.470099999999999
1970/01/01/05:36:09.235000,-0.114,0.0,0.0,0.0,0.0,-11.872599999999998
1970/01/01/05:36:09.335000,-0.116,0.0,0.0,0.0,0.0,-12.270799999999998
1970/01/01/05:36:09.435000,-0.116,0.0,0.0,0.0,0.0,-12.664599999999998
1970/01/01/05:36:09.534000,-0.118,0.0,0.0,0.0,0.0,-13.053499999999998
1970/01/01/05:36:09.635000,-0.118,0.0,0.0,0.0,0.0,-13.437999999999997
1970/01/01/05:36:09.735000,-0.119,0.0,0.0,0.0,0.0,-13.817799999999997
1970/01/01/05:36:09.835000,-0.121,0.0,0.0,0.0,0.0,-14.187099999999997
1970/01/01/05:36:09.935000,-0.123,0.0,0.0,0.0,0.0,-14.549099999999997
1970/01/01/05:36:10.034000,-0.125,0.0,0.0,0.0,0.0,-14.905699999999998
1970/01/01/05:36:10.135000,-0.126,0.0,0.0,0.0,0.0,-15.257099999999998
1970/01/01/05:36:10.235000,-0.126,0.0,0.0,0.0,0.0,-15.604099999999997
1970/01/01/05:36:10.335000,-0.126,0.0,0.0,0.0,0.0,-15.946799999999998
1970/01/01/05:36:10.435000,-0.128,0.0,0.0,0.0,0.0,-16.284599999999998
1970/01/01/05:36:10.535000,-0.129,0.0,0.0,0.0,0.0,-16.616899999999998
1970/01/01/05:36:10.655000,-0.129,0.0,0.0,0.0,0.0,-16.944899999999997
1970/01/01/05:36:10.735000,-0.13,0.0,0.0,0.0,0.0,-17.268199999999997
1970/01/01/05:36:10.835000,-0.132,0.0,0.0,0.0,0.0,-17.586699999999997
1970/01/01/05:36:10.934000,-0.133,0.0,0.0,0.0,0.0,-17.900599999999997
1970/01/01/05:36:11.034000,-0.133,0.0,0.0,0.0,0.0,-18.209699999999998
1970/01/01/05:36:11.135000,-0.135,0.0,0.0,0.0,0.0,-18.513599999999997
1970/01/01/05:36:11.235000,-0.136,0.0,0.0,0.0,0.0,-18.812499999999996
1970/01/01/05:36:11.334000,-0.136,0.0,0.0,0.0,0.0,-19.106699999999996
1970/01/01/05:36:11.435000,-0.138,0.0,0.0,0.0,0.0,-19.395699999999998
1970/01/01/05:36:11.535000,-0.138,0.0,0.0,0.0,0.0,-19.6801
1970/01/01/05:36:11.635000,-0.139,0.0,0.0,0.0,0.0,-19.9592
1970/01/01/05:36:11.735000,-0.14,0.0,0.0,0.0,0.0,-20.2338
1970/01/01/05:36:11.835000,-0.141,0.0,0.0,0.0,0.0,-20.5035
1970/01/01/05:36:11.935000,-0.142,0.0,0.0,0.0,0.0,-20.767899999999997
1970/01/01/05:36:12.035000,-0.143,0.0,0.0,0.0,0.0,-21.026999999999997
1970/01/01/05:36:12.135000,-0.144,0.0,0.0,0.0,0.0,-21.281299999999998
1970/01/01/05:36:12.235000,-0.145,0.0,0.0,0.0,0.0,-21.530299999999997
1970/01/01/05:36:12.334000,-0.145,0.0,0.0,0.0,0.0,-21.774299999999997
1970/01/01/05:36:12.434000,-0.146,0.0,0.0,0.0,0.0,-22.013599999999997
1970/01/01/05:36:12.535000,-0.147,0.0,0.0,0.0,0.0,-22.2477
1970/01/01/05:36:12.635000,-0.148,0.0,0.0,0.0,0.0,-22.476499999999998
1970/01/01/05:36:12.735000,-0.149,0.0,0.0,0.0,0.0,-22.7001
1970/01/01/05:36:12.835000,-0.15,0.0,0.0,0.0,0.0,-22.918499999999998
1970/01/01/05:36:12.934000,-0.15,0.0,0.0,0.0,0.0,-23.131899999999998
1970/01/01/05:36:13.035000,-0.152,0.0,0.0,0.0,0.0,-23.3401
1970/01/01/05:36:13.133000,-0.153,0.0,0.0,0.0,0.0,-23.5432
1970/01/01/05:36:13.234000,-0.153,0.0,0.0,0.0,0.0,-23.740499999999997
1970/01/01/05:36:13.335000,-0.154,0.0,0.0,0.0,0.0,-23.933199999999996
1970/01/01/05:36:13.435000,-0.155,0.0,0.0,0.0,0.0,-24.120599999999996
1970/01/01/05:36:13.534000,-0.156,0.0,0.0,0.0,0.0,-24.302399999999995
1970/01/01/05:36:13.634000,-0.157,0.0,0.0,0.0,0.0,-24.478499999999997
1970/01/01/05:36:13.735000,-0.158,0.0,0.0,0.0,0.0,-24.649299999999997
1970/01/01/05:36:13.834000,-0.158,0.0,0.0,0.0,0.0,-24.815199999999997
1970/01/01/05:36:13.934000,-0.159,0.0,0.0,0.0,0.0,-24.975299999999997
1970/01/01/05:36:14.034000,-0.16,0.0,0.0,0.0,0.0,-25.130399999999998
1970/01/01/05:36:14.135000,-0.161,0.0,0.0,0.0,0.0,-25.280199999999997
1970/01/01/05:36:14.235000,-0.161,0.0,0.0,0.0,0.0,-25.423599999999997
1970/01/01/05:36:14.335000,-0.162,0.0,0.0,0.0,0.0,-25.561999999999998
1970/01/01/05:36:14.435000,-0.163,0.0,0.0,0.0,0.0,-25.694699999999997
1970/01/01/05:36:14.536000,-0.164,0.0,0.0,0.0,0.0,-25.8222
1970/01/01/05:36:14.634000,-0.165,0.0,0.0,0.0,0.0,-25.944
1970/01/01/05:36:14.735000,-0.166,0.0,0.0,0.0,0.0,-26.0601
1970/01/01/05:36:14.835000,-0.166,0.0,0.0,0.0,0.0,-26.1712
1970/01/01/05:36:14.935000,-0.167,0.0,0.0,0.0,0.0,-26.2765
1970/01/01/05:36:15.034000,-0.168,0.0,0.0,0.0,0.0,-26.376199999999997
1970/01/01/05:36:15.134000,-0.168,0.0,0.0,0.0,0.0,-26.469599999999996
1970/01/01/05:36:15.234000,-0.169,0.0,0.0,0.0,0.0,-26.557899999999997
1970/01/01/05:36:15.335000,-0.17,0.0,0.0,0.0,0.0,-26.640499999999996
1970/01/01/05:36:15.535000,-0.17,0.0,0.0,0.0,0.0,0.0
1970/01/01/05:36:15.536000,-0.15,0.0,0.0,0.0,0.0,0.144
1970/01/01/05:36:15.634000,-0.15,0.0,0.0,0.0,0.0,0.0
1970/01/01/05:36:15.635000,-0.15,0.0,0.0,0.0,0.0,0.134
1970/01/01/05:36:15.735000,-0.15,0.0,0.0,0.0,0.0,0.0
1970/01/01/05:36:15.736000,-0.15,0.0,0.0,0.0,0.0,0.1228
1970/01/01/05:36:15.835000,-0.15,0.0,0.0,0.0,0.0,0.0
1970/01/01/05:36:15.836000,-0.15,0.0,0.0,0.0,0.0,0.1098
1970/01/01/05:36:15.935000,-0.15,0.0,0.0,0.0,0.0,0.0
1970/01/01/05:36:15.937000,-0.15,0.0,0.0,0.0,0.0,0.1
1970/01/01/05:36:16.035000,-0.15,0.0,0.0,0.0,0.0,0.0
1970/01/01/05:36:16.037000,-0.15,0.0,0.0,0.0,0.0,0.088
1970/01/01/05:36:16.135000,-0.15,0.0,0.0,0.0,0.0,0.0
1970/01/01/05:36:16.136000,-0.15,0.0,0.0,0.0,0.0,0.0772
1970/01/01/05:36:16.234000,-0.15,0.0,0.0,0.0,0.0,0.0
1970/01/01/05:36:16.235000,-0.15,0.0,0.0,0.0,0.0,0.0658
1970/01/01/05:36:16.334000,-0.15,0.0,0.0,0.0,0.0,0.0
1970/01/01/05:36:16.335000,-0.15,0.0,0.0,0.0,0.0,0.0542
1970/01/01/05:36:16.435000,-0.15,0.0,0.0,0.0,0.0,0.0
1970/01/01/05:36:16.436000,-0.15,0.0,0.0,0.0,0.0,0.0424
1970/01/01/05:36:16.535000,-0.15,0.0,0.0,0.0,0.0,0.0
1970/01/01/05:36:16.537000,-0.15,0.0,0.0,0.0,0.0,0.0302
1970/01/01/05:36:16.633000,-0.15,0.0,0.0,0.0,0.0,0.0
1970/01/01/05:36:16.634000,-0.15,0.0,0.0,0.0,0.0,0.016
1970/01/01/05:36:16.734000,-0.15,0.0,0.0,0.0,0.0,0.0
1970/01/01/05:36:16.735000,-0.15,0.0,0.0,0.0,0.0,0.0032
1970/01/01/05:36:16.835000,-0.15,0.0,0.0,0.0,0.0,0.0
1970/01/01/05:36:16.836000,-0.15,0.0,0.0,0.0,0.0,-0.0096
1970/01/01/05:36:16.934000,-0.15,0.0,0.0,0.0,0.0,0.0
1970/01/01/05:36:16.935000,-0.15,0.0,0.0,0.0,0.0,-0.0228
1970/01/01/05:36:17.033000,-0.15,0.0,0.0,0.0,0.0,0.0
1970/01/01/05:36:17.034000,-0.15,0.0,0.0,0.0,0.0,-0.0364
1970/01/01/05:36:17.134000,-0.15,0.0,0.0,0.0,0.0,0.0
1970/01/01/05:36:17.135000,-0.15,0.0,0.0,0.0,0.0,-0.052
1970/01/01/05:36:17.235000,-0.15,0.0,0.0,0.0,0.0,0.0
1970/01/01/05:36:17.237000,-0.15,0.0,0.0,0.0,0.0,-0.07
1970/01/01/05:36:17.335000,-0.15,0.0,0.0,0.0,0.0,0.0
1970/01/01/05:36:17.336000,-0.15,0.0,0.0,0.0,0.0,-0.084
1970/01/01/05:36:17.435000,-0.15,0.0,0.0,0.0,0.0,0.0
1970/01/01/05:36:17.436000,-0.15,0.0,0.0,0.0,0.0,-0.1008
1970/01/01/05:36:17.535000,-0.15,0.0,0.0,0.0,0.0,0.0
1970/01/01/05:36:17.536000,-0.15,0.0,0.0,0.0,0.0,-0.1176
1970/01/01/05:36:17.634000,-0.15,0.0,0.0,0.0,0.0,0.0
1970/01/01/05:36:17.635000,-0.15,0.0,0.0,0.0,0.0,-0.1322
1970/01/01/05:36:17.734000,-0.15,0.0,0.0,0.0,0.0,0.0
1970/01/01/05:36:17.735000,-0.15,0.0,0.0,0.0,0.0,-0.1494
1970/01/01/05:36:17.835000,-0.15,0.0,0.0,0.0,0.0,0.0
1970/01/01/05:36:17.837000,-0.15,0.0,0.0,0.0,0.0,-0.1668
1970/01/01/05:36:17.934000,-0.15,0.0,0.0,0.0,0.0,0.0
1970/01/01/05:36:17.935000,-0.15,0.0,0.0,0.0,0.0,-0.184
1970/01/01/05:36:18.035000,-0.15,0.0,0.0,0.0,0.0,0.0
1970/01/01/05:36:18.036000,-0.15,0.0,0.0,0.0,0.0,-0.202
1970/01/01/05:36:18.135000,-0.15,0.0,0.0,0.0,0.0,0.0
1970/01/01/05:36:18.136000,-0.15,0.0,0.0,0.0,0.0,-0.2196
1970/01/01/05:36:18.235000,-0.15,0.0,0.0,0.0,0.0,0.0
1970/01/01/05:36:18.236000,-0.15,0.0,0.0,0.0,0.0,-0.2374
1970/01/01/05:36:18.335000,-0.15,0.0,0.0,0.0,0.0,0.0
1970/01/01/05:36:18.337000,-0.15,0.0,0.0,0.0,0.0,-0.2554
1970/01/01/05:36:18.435000,-0.15,0.0,0.0,0.0,0.0,0.0
1970/01/01/05:36:18.437000,-0.15,0.0,0.0,0.0,0.0,-0.2738
1970/01/01/05:36:18.534000,-0.15,0.0,0.0,0.0,0.0,0.0
1970/01/01/05:36:18.535000,-0.15,0.0,0.0,0.0,0.0,-0.2922
1970/01/01/05:36:18.635000,-0.15,0.0,0.0,0.0,0.0,0.0
1970/01/01/05:36:18.636000,-0.15,0.0,0.0,0.0,0.0,-0.3078
1970/01/01/05:36:18.735000,-0.15,0.0,0.0,0.0,0.0,0.0
1970/01/01/05:36:18.736000,-0.15,0.0,0.0,0.0,0.0,-0.3264
1970/01/01/05:36:18.835000,-0.15,0.0,0.0,0.0,0.0,0.0
1970/01/01/05:36:18.837000,-0.15,0.0,0.0,0.0,0.0,-0.3422
1970/01/01/05:36:18.935000,-0.15,0.0,0.0,0.0,0.0,0.0
1970/01/01/05:36:18.936000,-0.15,0.0,0.0,0.0,0.0,-0.3582
1970/01/01/05:36:19.035000,-0.15,0.0,0.0,0.0,0.0,0.0
1970/01/01/05:36:19.037000,-0.15,0.0,0.0,0.0,0.0,-0.3768
1970/01/01/05:36:19.135000,-0.15,0.0,0.0,0.0,0.0,0.0
1970/01/01/05:36:19.137000,-0.15,0.0,0.0,0.0,0.0,-0.3928
1970/01/01/05:36:19.236000,-0.15,0.0,0.0,0.0,0.0,0.0
1970/01/01/05:36:19.237000,-0.15,0.0,0.0,0.0,0.0,-0.4062
1970/01/01/05:36:19.335000,-0.15,0.0,0.0,0.0,0.0,0.0
1970/01/01/05:36:19.335000,-0.15,0.0,0.0,0.0,0.0,-0.4238
1970/01/01/05:36:19.435000,-0.15,0.0,0.0,0.0,0.0,0.0
1970/01/01/05:36:19.436000,-0.15,0.0,0.0,0.0,0.0,-0.4394
1970/01/01/05:36:19.536000,-0.15,0.0,0.0,0.0,0.0,0.0
1970/01/01/05:36:19.537000,-0.15,0.0,0.0,0.0,0.0,-0.4522
1970/01/01/05:36:19.634000,-0.15,0.0,0.0,0.0,0.0,0.0
1970/01/01/05:36:19.635000,-0.15,0.0,0.0,0.0,0.0,-0.4652
1970/01/01/05:36:19.734000,-0.15,0.0,0.0,0.0,0.0,0.0
1970/01/01/05:36:19.735000,-0.15,0.0,0.0,0.0,0.0,-0.4782
1970/01/01/05:36:19.835000,-0.15,0.0,0.0,0.0,0.0,0.0
1970/01/01/05:36:19.836000,-0.15,0.0,0.0,0.0,0.0,-0.4938
1970/01/01/05:36:19.936000,-0.15,0.0,0.0,0.0,0.0,0.0
1970/01/01/05:36:19.937000,-0.15,0.0,0.0,0.0,0.0,-0.5068
1970/01/01/05:36:20.034000,-0.15,0.0,0.0,0.0,0.0,0.0
1970/01/01/05:36:20.035000,-0.15,0.0,0.0,0.0,0.0,-0.5194
1970/01/01/05:36:20.134000,-0.15,0.0,0.0,0.0,0.0,0.0
1970/01/01/05:36:20.135000,-0.15,0.0,0.0,0.0,0.0,-0.5324
1970/01/01/05:36:20.235000,-0.15,0.0,0.0,0.0,0.0,0.0
1970/01/01/05:36:20.236000,-0.15,0.0,0.0,0.0,0.0,-0.5454
1970/01/01/05:36:20.335000,-0.15,0.0,0.0,0.0,0.0,0.0
1970/01/01/05:36:20.336000,-0.15,0.0,0.0,0.0,0.0,-0.561
1970/01/01/05:36:20.435000,-0.15,0.0,0.0,0.0,0.0,0.0
1970/01/01/05:36:20.435000,-0.15,0.0,0.0,0.0,0.0,-0.574
1970/01/01/05:36:20.535000,-0.15,0.0,0.0,0.0,0.0,0.0
1970/01/01/05:36:20.536000,-0.15,0.0,0.0,0.0,0.0,-0.587
1970/01/01/05:36:20.635000,-0.15,0.0,0.0,0.0,0.0,0.0
1970/01/01/05:36:20.635000,-0.15,0.0,0.0,0.0,0.0,-0.6
1970/01/01/05:36:20.735000,-0.15,0.0,0.0,0.0,0.0,0.0
1970/01/01/05:36:20.736000,-0.15,0.0,0.0,0.0,0.0,-0.6158
1970/01/01/05:36:20.835000,-0.15,0.0,0.0,0.0,0.0,0.0
1970/01/01/05:36:20.836000,-0.15,0.0,0.0,0.0,0.0,-0.6288
1970/01/01/05:36:20.935000,-0.15,0.0,0.0,0.0,0.0,0.0
1970/01/01/05:36:20.936000,-0.15,0.0,0.0,0.0,0.0,-0.641
1970/01/01/05:36:21.035000,-0.15,0.0,0.0,0.0,0.0,0.0
1970/01/01/05:36:21.035000,-0.15,0.0,0.0,0.0,0.0,-0.6542
1970/01/01/05:36:21.135000,-0.15,0.0,0.0,0.0,0.0,0.0
1970/01/01/05:36:21.136000,-0.15,0.0,0.0,0.0,0.0,-0.6672
1970/01/01/05:36:21.235000,-0.15,0.0,0.0,0.0,0.0,0.0
1970/01/01/05:36:21.236000,-0.15,0.0,0.0,0.0,0.0,-0.6802
1970/01/01/05:36:21.335000,-0.15,0.0,0.0,0.0,0.0,0.0
1970/01/01/05:36:21.336000,-0.15,0.0,0.0,0.0,0.0,-0.6924
1970/01/01/05:36:21.435000,-0.15,0.0,0.0,0.0,0.0,0.0
1970/01/01/05:36:21.436000,-0.15,0.0,0.0,0.0,0.0,-0.7062
1970/01/01/05:36:21.535000,-0.15,0.0,0.0,0.0,0.0,0.0
1970/01/01/05:36:21.536000,-0.15,0.0,0.0,0.0,0.0,-0.7192
1970/01/01/05:36:21.635000,-0.15,0.0,0.0,0.0,0.0,0.0
1970/01/01/05:36:21.637000,-0.15,0.0,0.0,0.0,0.0,-0.7322
1970/01/01/05:36:21.733000,-0.15,0.0,0.0,0.0,0.0,0.0
1970/01/01/05:36:21.734000,-0.15,0.0,0.0,0.0,0.0,-0.7452
1970/01/01/05:36:21.835000,-0.15,0.0,0.0,0.0,0.0,0.0
1970/01/01/05:36:21.837000,-0.15,0.0,0.0,0.0,0.0,-0.7574
1970/01/01/05:36:21.934000,-0.15,0.0,0.0,0.0,0.0,0.0
1970/01/01/05:36:21.935000,-0.15,0.0,0.0,0.0,0.0,-0.7704
1970/01/01/05:36:22.034000,-0.15,0.0,0.0,0.0,0.0,0.0
1970/01/01/05:36:22.035000,-0.15,0.0,0.0,0.0,0.0,-0.7834
1970/01/01/05:36:22.135000,-0.15,0.0,0.0,0.0,0.0,0.0
1970/01/01/05:36:22.136000,-0.15,0.0,0.0,0.0,0.0,-0.7956
1970/01/01/05:36:22.235000,-0.15,0.0,0.0,0.0,0.0,0.0
1970/01/01/05:36:22.236000,-0.15,0.0,0.0,0.0,0.0,-0.8116
1970/01/01/05:36:22.335000,-0.15,0.0,0.0,0.0,0.0,0.0
1970/01/01/05:36:22.336000,-0.15,0.0,0.0,0.0,0.0,-0.8236
1970/01/01/05:36:22.435000,-0.15,0.0,0.0,0.0,0.0,0.0
1970/01/01/05:36:22.436000,-0.15,0.0,0.0,0.0,0.0,-0.8366
1970/01/01/05:36:22.535000,-0.15,0.0,0.0,0.0,0.0,0.0
1970/01/01/05:36:22.536000,-0.15,0.0,0.0,0.0,0.0,-0.8488
1970/01/01/05:36:22.634000,-0.15,0.0,0.0,0.0,0.0,0.0
1970/01/01/05:36:22.635000,-0.15,0.0,0.0,0.0,0.0,-0.858
1970/01/01/05:36:22.733000,-0.15,0.0,0.0,0.0,0.0,0.0
1970/01/01/05:36:22.735000,-0.15,0.0,0.0,0.0,0.0,-0.8702
1970/01/01/05:36:22.834000,-0.15,0.0,0.0,0.0,0.0,0.0
1970/01/01/05:36:22.835000,-0.15,0.0,0.0,0.0,0.0,-0.8668
1970/01/01/05:36:22.935000,-0.15,0.0,0.0,0.0,0.0,0.0
1970/01/01/05:36:22.936000,-0.15,0.0,0.0,0.0,0.0,-0.883
1970/01/01/05:36:23.035000,-0.15,0.0,0.0,0.0,0.0,0.0
1970/01/01/05:36:23.036000,-0.15,0.0,0.0,0.0,0.0,-0.873
1970/01/01/05:36:23.135000,-0.15,0.0,0.0,0.0,0.0,0.0
1970/01/01/05:36:23.136000,-0.15,0.0,0.0,0.0,0.0,-0.8862
1970/01/01/05:36:23.233000,-0.15,0.0,0.0,0.0,0.0,0.0
1970/01/01/05:36:23.234000,-0.15,0.0,0.0,0.0,0.0,-0.8854
1970/01/01/05:36:23.335000,-0.15,0.0,0.0,0.0,0.0,0.0
1970/01/01/05:36:23.337000,-0.15,0.0,0.0,0.0,0.0,-0.884
1970/01/01/05:36:23.433000,-0.15,0.0,0.0,0.0,0.0,0.0
1970/01/01/05:36:23.433000,-0.15,0.0,0.0,0.0,0.0,-0.9008
1970/01/01/05:36:23.535000,-0.15,0.0,0.0,0.0,0.0,0.0
1970/01/01/05:36:23.537000,-0.15,0.0,0.0,0.0,0.0,-0.8862
1970/01/01/05:36:23.636000,-0.15,0.0,0.0,0.0,0.0,0.0
1970/01/01/05:36:23.637000,-0.15,0.0,0.0,0.0,0.0,-0.8894
1970/01/01/05:36:23.735000,-0.15,0.0,0.0,0.0,0.0,0.0
1970/01/01/05:36:23.737000,-0.15,0.0,0.0,0.0,0.0,-0.9028
1970/01/01/05:36:23.834000,-0.15,0.0,0.0,0.0,0.0,0.0
1970/01/01/05:36:23.835000,-0.15,0.0,0.0,0.0,0.0,-0.8928
1970/01/01/05:36:23.935000,-0.15,0.0,0.0,0.0,0.0,0.0
1970/01/01/05:36:23.935000,-0.15,0.0,0.0,0.0,0.0,-0.89
1970/01/01/05:36:24.033000,-0.15,0.0,0.0,0.0,0.0,0.0
1970/01/01/05:36:24.034000,-0.15,0.0,0.0,0.0,0.0,-0.9024
1970/01/01/05:36:24.134000,-0.15,0.0,0.0,0.0,0.0,0.0
1970/01/01/05:36:24.136000,-0.15,0.0,0.0,0.0,0.0,-0.8968
1970/01/01/05:36:24.235000,-0.15,0.0,0.0,0.0,0.0,0.0
1970/01/01/05:36:24.237000,-0.15,0.0,0.0,0.0,0.0,-0.8878
1970/01/01/05:36:24.335000,-0.15,0.0,0.0,0.0,0.0,0.0
1970/01/01/05:36:24.337000,-0.15,0.0,0.0,0.0,0.0,-0.9
1970/01/01/05:36:24.435000,-0.15,0.0,0.0,0.0,0.0,0.0
1970/01/01/05:36:24.436000,-0.15,0.0,0.0,0.0,0.0,-0.9
1970/01/01/05:36:24.535000,-0.15,0.0,0.0,0.0,0.0,0.0
1970/01/01/05:36:24.536000,-0.15,0.0,0.0,0.0,0.0,-0.8876
1970/01/01/05:36:24.636000,-0.15,0.0,0.0,0.0,0.0,0.0
1970/01/01/05:36:24.637000,-0.15,0.0,0.0,0.0,0.0,-0.892
1970/01/01/05:36:24.734000,-0.15,0.0,0.0,0.0,0.0,0.0
1970/01/01/05:36:24.735000,-0.15,0.0,0.0,0.0,0.0,-0.9034
1970/01/01/05:36:24.835000,-0.15,0.0,0.0,0.0,0.0,0.0
1970/01/01/05:36:24.835000,-0.15,0.0,0.0,0.0,0.0,-0.8982
1970/01/01/05:36:24.934000,-0.15,0.0,0.0,0.0,0.0,0.0
1970/01/01/05:36:24.936000,-0.15,0.0,0.0,0.0,0.0,-0.8816
1970/01/01/05:36:25.035000,-0.15,0.0,0.0,0.0,0.0,0.0
1970/01/01/05:36:25.036000,-0.15,0.0,0.0,0.0,0.0,-0.8886
1970/01/01/05:36:25.135000,-0.15,0.0,0.0,0.0,0.0,0.0
1970/01/01/05:36:25.137000,-0.15,0.0,0.0,0.0,0.0,-0.8968
1970/01/01/05:36:25.234000,-0.15,0.0,0.0,0.0,0.0,0.0
1970/01/01/05:36:25.234000,-0.15,0.0,0.0,0.0,0.0,-0.8892
1970/01/01/05:36:25.335000,-0.15,0.0,0.0,0.0,0.0,0.0
1970/01/01/05:36:25.336000,-0.15,0.0,0.0,0.0,0.0,-0.8744
1970/01/01/05:36:25.435000,-0.15,0.0,0.0,0.0,0.0,0.0
1970/01/01/05:36:25.436000,-0.15,0.0,0.0,0.0,0.0,-0.878
1970/01/01/05:36:25.535000,-0.15,0.0,0.0,0.0,0.0,0.0
1970/01/01/05:36:25.536000,-0.15,0.0,0.0,0.0,0.0,-0.8888
1970/01/01/05:36:25.634000,-0.15,0.0,0.0,0.0,0.0,0.0
1970/01/01/05:36:25.636000,-0.15,0.0,0.0,0.0,0.0,-0.879
1970/01/01/05:36:25.735000,-0.15,0.0,0.0,0.0,0.0,0.0
1970/01/01/05:36:25.736000,-0.15,0.0,0.0,0.0,0.0,-0.8638
1970/01/01/05:36:25.834000,-0.15,0.0,0.0,0.0,0.0,0.0
1970/01/01/05:36:25.835000,-0.15,0.0,0.0,0.0,0.0,-0.8748
1970/01/01/05:36:25.935000,-0.15,0.0,0.0,0.0,0.0,0.0
1970/01/01/05:36:25.936000,-0.15,0.0,0.0,0.0,0.0,-0.8824
1970/01/01/05:36:26.035000,-0.15,0.0,0.0,0.0,0.0,0.0
1970/01/01/05:36:26.037000,-0.15,0.0,0.0,0.0,0.0,-0.8674
1970/01/01/05:36:26.135000,-0.15,0.0,0.0,0.0,0.0,0.0
1970/01/01/05:36:26.136000,-0.15,0.0,0.0,0.0,0.0,-0.853
1970/01/01/05:36:26.235000,-0.15,0.0,0.0,0.0,0.0,0.0
1970/01/01/05:36:26.236000,-0.15,0.0,0.0,0.0,0.0,-0.8636
1970/01/01/05:36:26.334000,-0.15,0.0,0.0,0.0,0.0,0.0
1970/01/01/05:36:26.335000,-0.15,0.0,0.0,0.0,0.0,-0.8708
1970/01/01/05:36:26.435000,-0.15,0.0,0.0,0.0,0.0,0.0
1970/01/01/05:36:26.436000,-0.15,0.0,0.0,0.0,0.0,-0.8568
1970/01/01/05:36:26.535000,-0.15,0.0,0.0,0.0,0.0,0.0
1970/01/01/05:36:26.536000,-0.15,0.0,0.0,0.0,0.0,-0.8448
1970/01/01/05:36:26.635000,-0.15,0.0,0.0,0.0,0.0,0.0
1970/01/01/05:36:26.637000,-0.15,0.0,0.0,0.0,0.0,-0.8522
1970/01/01/05:36:26.735000,-0.15,0.0,0.0,0.0,0.0,0.0
1970/01/01/05:36:26.736000,-0.15,0.0,0.0,0.0,0.0,-0.8504
1970/01/01/05:36:26.834000,-0.15,0.0,0.0,0.0,0.0,0.0
1970/01/01/05:36:26.836000,-0.15,0.0,0.0,0.0,0.0,-0.8352
1970/01/01/05:36:26.935000,-0.15,0.0,0.0,0.0,0.0,0.0
1970/01/01/05:36:26.937000,-0.15,0.0,0.0,0.0,0.0,-0.8386
1970/01/01/05:36:27.035000,-0.15,0.0,0.0,0.0,0.0,0.0
1970/01/01/05:36:27.036000,-0.15,0.0,0.0,0.0,0.0,-0.8428
1970/01/01/05:36:27.135000,-0.15,0.0,0.0,0.0,0.0,0.0
1970/01/01/05:36:27.136000,-0.15,0.0,0.0,0.0,0.0,-0.8272
1970/01/01/05:36:27.235000,-0.15,0.0,0.0,0.0,0.0,0.0
1970/01/01/05:36:27.236000,-0.15,0.0,0.0,0.0,0.0,-0.8256
1970/01/01/05:36:27.335000,-0.15,0.0,0.0,0.0,0.0,0.0
1970/01/01/05:36:27.337000,-0.15,0.0,0.0,0.0,0.0,-0.8296
1970/01/01/05:36:27.433000,-0.15,0.0,0.0,0.0,0.0,0.0
1970/01/01/05:36:27.434000,-0.15,0.0,0.0,0.0,0.0,-0.8236
1970/01/01/05:36:27.534000,-0.15,0.0,0.0,0.0,0.0,0.0
1970/01/01/05:36:27.535000,-0.15,0.0,0.0,0.0,0.0,-0.809
1970/01/01/05:36:27.633000,-0.15,0.0,0.0,0.0,0.0,0.0
1970/01/01/05:36:27.635000,-0.15,0.0,0.0,0.0,0.0,-0.8158
1970/01/01/05:36:27.735000,-0.15,0.0,0.0,0.0,0.0,0.0
1970/01/01/05:36:27.736000,-0.15,0.0,0.0,0.0,0.0,-0.8156
1970/01/01/05:36:27.835000,-0.15,0.0,0.0,0.0,0.0,0.0
1970/01/01/05:36:27.837000,-0.15,0.0,0.0,0.0,0.0,-0.8008
1970/01/01/05:36:27.935000,-0.15,0.0,0.0,0.0,0.0,0.0
1970/01/01/05:36:27.937000,-0.15,0.0,0.0,0.0,0.0,-0.7998
1970/01/01/05:36:28.034000,-0.15,0.0,0.0,0.0,0.0,0.0
1970/01/01/05:36:28.035000,-0.15,0.0,0.0,0.0,0.0,-0.8034
1970/01/01/05:36:28.135000,-0.15,0.0,0.0,0.0,0.0,0.0
1970/01/01/05:36:28.136000,-0.15,0.0,0.0,0.0,0.0,-0.792
1970/01/01/05:36:28.234000,-0.15,0.0,0.0,0.0,0.0,0.0
1970/01/01/05:36:28.235000,-0.15,0.0,0.0,0.0,0.0,-0.7858
1970/01/01/05:36:28.335000,-0.15,0.0,0.0,0.0,0.0,0.0
1970/01/01/05:36:28.336000,-0.15,0.0,0.0,0.0,0.0,-0.7892
1970/01/01/05:36:28.435000,-0.15,0.0,0.0,0.0,0.0,0.0
1970/01/01/05:36:28.436000,-0.15,0.0,0.0,0.0,0.0,-0.7788
1970/01/01/05:36:28.535000,-0.15,0.0,0.0,0.0,0.0,0.0
1970/01/01/05:36:28.536000,-0.15,0.0,0.0,0.0,0.0,-0.7736
1970/01/01/05:36:28.635000,-0.15,0.0,0.0,0.0,0.0,0.0
1970/01/01/05:36:28.636000,-0.15,0.0,0.0,0.0,0.0,-0.777
1970/01/01/05:36:28.735000,-0.15,0.0,0.0,0.0,0.0,0.0
1970/01/01/05:36:28.737000,-0.15,0.0,0.0,0.0,0.0,-0.7614
1970/01/01/05:36:28.835000,-0.15,0.0,0.0,0.0,0.0,0.0
1970/01/01/05:36:28.836000,-0.15,0.0,0.0,0.0,0.0,-0.7574
1970/01/01/05:36:28.935000,-0.15,0.0,0.0,0.0,0.0,0.0
1970/01/01/05:36:28.936000,-0.15,0.0,0.0,0.0,0.0,-0.7604
1970/01/01/05:36:29.035000,-0.15,0.0,0.0,0.0,0.0,0.0
1970/01/01/05:36:29.036000,-0.15,0.0,0.0,0.0,0.0,-0.746
1970/01/01/05:36:29.135000,-0.15,0.0,0.0,0.0,0.0,0.0
1970/01/01/05:36:29.136000,-0.15,0.0,0.0,0.0,0.0,0.0
1970/01/01/05:36:29.235000,-0.15,0.0,0.0,0.0,0.0,0.0
1970/01/01/05:36:29.236000,-0.15,0.0,0.0,0.0,0.0,0.0
1970/01/01/05:36:29.335000,-0.15,0.0,0.0,0.0,0.0,0.0
1970/01/01/05:36:29.336000,-0.15,0.0,0.0,0.0,0.0,0.0
1970/01/01/05:36:29.435000,-0.15,0.0,0.0,0.0,0.0,0.0
1970/01/01/05:36:29.437000,-0.15,0.0,0.0,0.0,0.0,0.0
1970/01/01/05:36:29.534000,-0.15,0.0,0.0,0.0,0.0,0.0
1970/01/01/05:36:29.535000,-0.15,0.0,0.0,0.0,0.0,0.0
1970/01/01/05:36:29.635000,-0.15,0.0,0.0,0.0,0.0,0.0
1970/01/01/05:36:29.636000,-0.15,0.0,0.0,0.0,0.0,0.0
1970/01/01/05:36:29.734000,-0.15,0.0,0.0,0.0,0.0,0.0
1970/01/01/05:36:29.735000,-0.15,0.0,0.0,0.0,0.0,0.0
1970/01/01/05:36:29.835000,-0.15,0.0,0.0,0.0,0.0,0.0
1970/01/01/05:36:29.836000,-0.15,0.0,0.0,0.0,0.0,0.0
1970/01/01/05:36:29.935000,-0.15,0.0,0.0,0.0,0.0,0.0
1970/01/01/05:36:29.936000,-0.15,0.0,0.0,0.0,0.0,0.0
1970/01/01/05:36:30.035000,-0.15,0.0,0.0,0.0,0.0,0.0
1970/01/01/05:36:30.036000,-0.15,0.0,0.0,0.0,0.0,0.0
1970/01/01/05:36:30.135000,-0.15,0.0,0.0,0.0,0.0,0.0
1970/01/01/05:36:30.136000,-0.15,0.0,0.0,0.0,0.0,0.0
1970/01/01/05:36:30.234000,-0.15,0.0,0.0,0.0,0.0,0.0
1970/01/01/05:36:30.235000,-0.15,0.0,0.0,0.0,0.0,0.0
1970/01/01/05:36:30.335000,-0.15,0.0,0.0,0.0,0.0,0.0
1970/01/01/05:36:30.336000,-0.15,0.0,0.0,0.0,0.0,0.0
1970/01/01/05:36:30.434000,-0.15,0.0,0.0,0.0,0.0,0.0
1970/01/01/05:36:30.436000,-0.15,0.0,0.0,0.0,0.0,0.0
1970/01/01/05:36:30.535000,-0.15,0.0,0.0,0.0,0.0,0.0
1970/01/01/05:36:30.536000,-0.15,0.0,0.0,0.0,0.0,0.0
1970/01/01/05:36:30.635000,-0.15,0.0,0.0,0.0,0.0,0.0
1970/01/01/05:36:30.637000,-0.15,0.0,0.0,0.0,0.0,0.0
1970/01/01/05:36:30.735000,-0.15,0.0,0.0,0.0,0.0,0.0
1970/01/01/05:36:30.736000,-0.15,0.0,0.0,0.0,0.0,0.0
1970/01/01/05:36:30.835000,-0.15,0.0,0.0,0.0,0.0,0.0
1970/01/01/05:36:30.836000,-0.15,0.0,0.0,0.0,0.0,0.0
1970/01/01/05:36:30.935000,-0.15,0.0,0.0,0.0,0.0,0.0
1970/01/01/05:36:30.936000,-0.15,0.0,0.0,0.0,0.0,0.0
1970/01/01/05:36:31.034000,-0.15,0.0,0.0,0.0,0.0,0.0
1970/01/01/05:36:31.035000,-0.15,0.0,0.0,0.0,0.0,0.0
1970/01/01/05:36:31.134000,-0.15,0.0,0.0,0.0,0.0,0.0
1970/01/01/05:36:31.135000,-0.15,0.0,0.0,0.0,0.0,0.0
1970/01/01/05:36:31.235000,-0.15,0.0,0.0,0.0,0.0,0.0
1970/01/01/05:36:31.235000,-0.15,0.0,0.0,0.0,0.0,0.0
1970/01/01/05:36:31.333000,-0.15,0.0,0.0,0.0,0.0,0.0
1970/01/01/05:36:31.334000,-0.15,0.0,0.0,0.0,0.0,0.0
1970/01/01/05:36:31.434000,-0.15,0.0,0.0,0.0,0.0,0.0
1970/01/01/05:36:31.436000,-0.15,0.0,0.0,0.0,0.0,0.0
1970/01/01/05:36:31.535000,-0.15,0.0,0.0,0.0,0.0,0.0
1970/01/01/05:36:31.536000,-0.15,0.0,0.0,0.0,0.0,0.0
1970/01/01/05:36:31.635000,-0.15,0.0,0.0,0.0,0.0,0.0
1970/01/01/05:36:31.636000,-0.15,0.0,0.0,0.0,0.0,0.0
1970/01/01/05:36:31.735000,-0.15,0.0,0.0,0.0,0.0,0.0
1970/01/01/05:36:31.736000,-0.15,0.0,0.0,0.0,0.0,0.0
1970/01/01/05:36:31.835000,-0.15,0.0,0.0,0.0,0.0,0.0
1970/01/01/05:36:31.836000,-0.15,0.0,0.0,0.0,0.0,0.0
1970/01/01/05:36:31.934000,-0.15,0.0,0.0,0.0,0.0,0.0
1970/01/01/05:36:31.935000,-0.15,0.0,0.0,0.0,0.0,0.0
1970/01/01/05:36:32.033000,-0.15,0.0,0.0,0.0,0.0,0.0
1970/01/01/05:36:32.034000,-0.15,0.0,0.0,0.0,0.0,0.0
1970/01/01/05:36:32.136000,-0.15,0.0,0.0,0.0,0.0,0.0
1970/01/01/05:36:32.137000,-0.15,0.0,0.0,0.0,0.0,0.0
1970/01/01/05:36:32.235000,-0.15,0.0,0.0,0.0,0.0,0.0
1970/01/01/05:36:32.236000,-0.15,0.0,0.0,0.0,0.0,0.0
1970/01/01/05:36:32.335000,-0.15,0.0,0.0,0.0,0.0,0.0
1970/01/01/05:36:32.336000,-0.15,0.0,0.0,0.0,0.0,0.0
1970/01/01/05:36:32.434000,-0.15,0.0,0.0,0.0,0.0,0.0
1970/01/01/05:36:32.435000,-0.15,0.0,0.0,0.0,0.0,0.0
1970/01/01/05:36:32.535000,-0.15,0.0,0.0,0.0,0.0,0.0
1970/01/01/05:36:32.536000,-0.15,0.0,0.0,0.0,0.0,0.0
1970/01/01/05:36:32.635000,-0.15,0.0,0.0,0.0,0.0,0.0
1970/01/01/05:36:32.636000,-0.15,0.0,0.0,0.0,0.0,0.0
1970/01/01/05:36:32.735000,-0.15,0.0,0.0,0.0,0.0,0.0
1970/01/01/05:36:32.737000,-0.15,0.0,0.0,0.0,0.0,0.0
1970/01/01/05:36:32.835000,-0.15,0.0,0.0,0.0,0.0,0.0
1970/01/01/05:36:32.836000,-0.15,0.0,0.0,0.0,0.0,0.0
1970/01/01/05:36:32.935000,-0.15,0.0,0.0,0.0,0.0,0.0
1970/01/01/05:36:32.936000,-0.15,0.0,0.0,0.0,0.0,0.0
1970/01/01/05:36:33.033000,-0.15,0.0,0.0,0.0,0.0,0.0
1970/01/01/05:36:33.034000,-0.15,0.0,0.0,0.0,0.0,0.0
1970/01/01/05:36:33.134000,-0.15,0.0,0.0,0.0,0.0,0.0
1970/01/01/05:36:33.136000,-0.15,0.0,0.0,0.0,0.0,0.0
1970/01/01/05:36:33.235000,-0.15,0.0,0.0,0.0,0.0,0.0
1970/01/01/05:36:33.237000,-0.15,0.0,0.0,0.0,0.0,0.0
1970/01/01/05:36:33.335000,-0.15,0.0,0.0,0.0,0.0,0.0
1970/01/01/05:36:33.336000,-0.15,0.0,0.0,0.0,0.0,0.0
1970/01/01/05:36:33.435000,-0.15,0.0,0.0,0.0,0.0,0.0
1970/01/01/05:36:33.437000,-0.15,0.0,0.0,0.0,0.0,0.0
1970/01/01/05:36:33.535000,-0.15,0.0,0.0,0.0,0.0,0.0
1970/01/01/05:36:33.536000,-0.15,0.0,0.0,0.0,0.0,0.0
1970/01/01/05:36:33.635000,-0.15,0.0,0.0,0.0,0.0,0.0
1970/01/01/05:36:33.636000,-0.15,0.0,0.0,0.0,0.0,0.0
1970/01/01/05:36:33.736000,-0.15,0.0,0.0,0.0,0.0,0.0
1970/01/01/05:36:33.737000,-0.15,0.0,0.0,0.0,0.0,0.0
1970/01/01/05:36:33.835000,-0.15,0.0,0.0,0.0,0.0,0.0
1970/01/01/05:36:33.836000,-0.15,0.0,0.0,0.0,0.0,0.0
1970/01/01/05:36:33.935000,-0.15,0.0,0.0,0.0,0.0,0.0
1970/01/01/05:36:33.936000,-0.15,0.0,0.0,0.0,0.0,0.0
1970/01/01/05:36:34.035000,-0.15,0.0,0.0,0.0,0.0,0.0
1970/01/01/05:36:34.036000,-0.15,0.0,0.0,0.0,0.0,0.0
1970/01/01/05:36:34.135000,-0.15,0.0,0.0,0.0,0.0,0.0
1970/01/01/05:36:34.136000,-0.15,0.0,0.0,0.0,0.0,0.0
1970/01/01/05:36:34.234000,-0.15,0.0,0.0,0.0,0.0,0.0
1970/01/01/05:36:34.234000,-0.15,0.0,0.0,0.0,0.0,0.0
1970/01/01/05:36:34.335000,-0.15,0.0,0.0,0.0,0.0,0.0
1970/01/01/05:36:34.337000,-0.15,0.0,0.0,0.0,0.0,0.0
1970/01/01/05:36:34.435000,-0.15,0.0,0.0,0.0,0.0,0.0
1970/01/01/05:36:34.436000,-0.15,0.0,0.0,0.0,0.0,0.0
1970/01/01/05:36:34.535000,-0.15,0.0,0.0,0.0,0.0,0.0
1970/01/01/05:36:34.536000,-0.15,0.0,0.0,0.0,0.0,0.0
1970/01/01/05:36:34.635000,-0.15,0.0,0.0,0.0,0.0,0.0
1970/01/01/05:36:34.636000,-0.15,0.0,0.0,0.0,0.0,0.0
1970/01/01/05:36:34.735000,-0.15,0.0,0.0,0.0,0.0,0.0
1970/01/01/05:36:34.736000,-0.15,0.0,0.0,0.0,0.0,0.0
1970/01/01/05:36:34.835000,-0.15,0.0,0.0,0.0,0.0,0.0
1970/01/01/05:36:34.836000,-0.15,0.0,0.0,0.0,0.0,0.0
1970/01/01/05:36:34.935000,-0.15,0.0,0.0,0.0,0.0,0.0
1970/01/01/05:36:34.936000,-0.15,0.0,0.0,0.0,0.0,0.0
1970/01/01/05:36:35.033000,-0.15,0.0,0.0,0.0,0.0,0.0
1970/01/01/05:36:35.034000,-0.15,0.0,0.0,0.0,0.0,0.0
1970/01/01/05:36:35.134000,-0.15,0.0,0.0,0.0,0.0,0.0
1970/01/01/05:36:35.135000,-0.15,0.0,0.0,0.0,0.0,0.0
1970/01/01/05:36:35.235000,-0.15,0.0,0.0,0.0,0.0,0.0
1970/01/01/05:36:35.236000,-0.15,0.0,0.0,0.0,0.0,0.0
1970/01/01/05:36:35.335000,-0.15,0.0,0.0,0.0,0.0,0.0
1970/01/01/05:36:35.336000,-0.15,0.0,0.0,0.0,0.0,0.0
1970/01/01/05:36:35.435000,-0.15,0.0,0.0,0.0,0.0,0.0
1970/01/01/05:36:35.436000,-0.15,0.0,0.0,0.0,0.0,0.0
1970/01/01/05:36:35.534000,-0.15,0.0,0.0,0.0,0.0,0.0
1970/01/01/05:36:35.536000,-0.15,0.0,0.0,0.0,0.0,0.0
1970/01/01/05:36:35.634000,-0.15,0.0,0.0,0.0,0.0,0.0
1970/01/01/05:36:35.635000,-0.15,0.0,0.0,0.0,0.0,0.0
1970/01/01/05:36:35.735000,-0.15,0.0,0.0,0.0,0.0,0.0
1970/01/01/05:36:35.736000,-0.15,0.0,0.0,0.0,0.0,0.0
1970/01/01/05:36:35.834000,-0.15,0.0,0.0,0.0,0.0,0.0
1970/01/01/05:36:35.834000,-0.15,0.0,0.0,0.0,0.0,0.0
1970/01/01/05:36:35.934000,-0.15,0.0,0.0,0.0,0.0,0.0
1970/01/01/05:36:35.935000,-0.15,0.0,0.0,0.0,0.0,0.0
1970/01/01/05:36:36.034000,-0.15,0.0,0.0,0.0,0.0,0.0
1970/01/01/05:36:36.035000,-0.15,0.0,0.0,0.0,0.0,0.0
1970/01/01/05:36:36.133000,-0.15,0.0,0.0,0.0,0.0,0.0
1970/01/01/05:36:36.134000,-0.15,0.0,0.0,0.0,0.0,0.0
1970/01/01/05:36:36.235000,-0.15,0.0,0.0,0.0,0.0,0.0
1970/01/01/05:36:36.236000,-0.15,0.0,0.0,0.0,0.0,0.0
1970/01/01/05:36:36.333000,-0.15,0.0,0.0,0.0,0.0,0.0
1970/01/01/05:36:36.334000,-0.15,0.0,0.0,0.0,0.0,0.0
1970/01/01/05:36:36.434000,-0.15,0.0,0.0,0.0,0.0,0.0
1970/01/01/05:36:36.435000,-0.15,0.0,0.0,0.0,0.0,0.0
1970/01/01/05:36:36.534000,-0.15,0.0,0.0,0.0,0.0,0.0
1970/01/01/05:36:36.535000,-0.15,0.0,0.0,0.0,0.0,0.0
1970/01/01/05:36:36.635000,-0.15,0.0,0.0,0.0,0.0,0.0
1970/01/01/05:36:36.636000,-0.15,0.0,0.0,0.0,0.0,0.0
1970/01/01/05:36:36.735000,-0.15,0.0,0.0,0.0,0.0,0.0
1970/01/01/05:36:36.736000,-0.15,0.0,0.0,0.0,0.0,0.0
1970/01/01/05:36:36.835000,-0.15,0.0,0.0,0.0,0.0,0.0
1970/01/01/05:36:36.836000,-0.15,0.0,0.0,0.0,0.0,0.0
1970/01/01/05:36:36.935000,-0.15,0.0,0.0,0.0,0.0,0.0
1970/01/01/05:36:36.936000,-0.15,0.0,0.0,0.0,0.0,0.0
1970/01/01/05:36:37.035000,-0.15,0.0,0.0,0.0,0.0,0.0
1970/01/01/05:36:37.036000,-0.15,0.0,0.0,0.0,0.0,0.0
1970/01/01/05:36:37.135000,-0.15,0.0,0.0,0.0,0.0,0.0
1970/01/01/05:36:37.137000,-0.15,0.0,0.0,0.0,0.0,0.0
1970/01/01/05:36:37.234000,-0.15,0.0,0.0,0.0,0.0,0.0
1970/01/01/05:36:37.235000,-0.15,0.0,0.0,0.0,0.0,0.0
1970/01/01/05:36:37.334000,-0.15,0.0,0.0,0.0,0.0,0.0
1970/01/01/05:36:37.336000,-0.15,0.0,0.0,0.0,0.0,0.0
1970/01/01/05:36:37.435000,-0.15,0.0,0.0,0.0,0.0,0.0
1970/01/01/05:36:37.436000,-0.15,0.0,0.0,0.0,0.0,0.0
1970/01/01/05:36:37.534000,-0.15,0.0,0.0,0.0,0.0,0.0
1970/01/01/05:36:37.536000,-0.15,0.0,0.0,0.0,0.0,0.0
1970/01/01/05:36:37.635000,-0.15,0.0,0.0,0.0,0.0,0.0
1970/01/01/05:36:37.636000,-0.15,0.0,0.0,0.0,0.0,0.0
1970/01/01/05:36:37.735000,-0.15,0.0,0.0,0.0,0.0,0.0
1970/01/01/05:36:37.736000,-0.15,0.0,0.0,0.0,0.0,0.0
1970/01/01/05:36:37.835000,-0.15,0.0,0.0,0.0,0.0,0.0
1970/01/01/05:36:37.836000,-0.15,0.0,0.0,0.0,0.0,0.0
1970/01/01/05:36:37.935000,-0.15,0.0,0.0,0.0,0.0,0.0
1970/01/01/05:36:37.936000,-0.15,0.0,0.0,0.0,0.0,0.0
1970/01/01/05:36:38.035000,-0.15,0.0,0.0,0.0,0.0,0.0
1970/01/01/05:36:38.036000,-0.15,0.0,0.0,0.0,0.0,0.0
1970/01/01/05:36:38.134000,-0.15,0.0,0.0,0.0,0.0,0.0
1970/01/01/05:36:38.136000,-0.15,0.0,0.0,0.0,0.0,0.0
1970/01/01/05:36:38.235000,-0.15,0.0,0.0,0.0,0.0,0.0
1970/01/01/05:36:38.237000,-0.15,0.0,0.0,0.0,0.0,0.0
1970/01/01/05:36:38.335000,-0.15,0.0,0.0,0.0,0.0,0.0
1970/01/01/05:36:38.337000,-0.15,0.0,0.0,0.0,0.0,0.0
1970/01/01/05:36:38.435000,-0.15,0.0,0.0,0.0,0.0,0.0
1970/01/01/05:36:38.437000,-0.15,0.0,0.0,0.0,0.0,0.0
1970/01/01/05:36:38.535000,-0.15,0.0,0.0,0.0,0.0,0.0
1970/01/01/05:36:38.536000,-0.15,0.0,0.0,0.0,0.0,0.0
1970/01/01/05:36:38.635000,-0.15,0.0,0.0,0.0,0.0,0.0
1970/01/01/05:36:38.636000,-0.15,0.0,0.0,0.0,0.0,0.0
1970/01/01/05:36:38.735000,-0.15,0.0,0.0,0.0,0.0,0.0
1970/01/01/05:36:38.736000,-0.15,0.0,0.0,0.0,0.0,0.0
1970/01/01/05:36:38.834000,-0.15,0.0,0.0,0.0,0.0,0.0
1970/01/01/05:36:38.834000,-0.15,0.0,0.0,0.0,0.0,0.0
1970/01/01/05:36:38.935000,-0.15,0.0,0.0,0.0,0.0,0.0
1970/01/01/05:36:38.936000,-0.15,0.0,0.0,0.0,0.0,0.0
1970/01/01/05:36:39.035000,-0.15,0.0,0.0,0.0,0.0,0.0
1970/01/01/05:36:39.037000,-0.15,0.0,0.0,0.0,0.0,0.0
1970/01/01/05:36:39.135000,-0.15,0.0,0.0,0.0,0.0,0.0
1970/01/01/05:36:39.135000,-0.15,0.0,0.0,0.0,0.0,0.0
1970/01/01/05:36:39.235000,-0.15,0.0,0.0,0.0,0.0,0.0
1970/01/01/05:36:39.236000,-0.15,0.0,0.0,0.0,0.0,0.0
1970/01/01/05:36:39.335000,-0.15,0.0,0.0,0.0,0.0,0.0
1970/01/01/05:36:39.337000,-0.15,0.0,0.0,0.0,0.0,0.0
1970/01/01/05:36:39.435000,-0.15,0.0,0.0,0.0,0.0,0.0
1970/01/01/05:36:39.436000,-0.15,0.0,0.0,0.0,0.0,0.0
1970/01/01/05:36:39.535000,-0.15,0.0,0.0,0.0,0.0,0.0
1970/01/01/05:36:39.536000,-0.15,0.0,0.0,0.0,0.0,0.0
1970/01/01/05:36:39.636000,-0.15,0.0,0.0,0.0,0.0,0.0
1970/01/01/05:36:39.637000,-0.15,0.0,0.0,0.0,0.0,0.0
1970/01/01/05:36:39.735000,-0.15,0.0,0.0,0.0,0.0,0.0
1970/01/01/05:36:39.736000,-0.15,0.0,0.0,0.0,0.0,0.0
1970/01/01/05:36:39.835000,-0.15,0.0,0.0,0.0,0.0,0.0
1970/01/01/05:36:39.836000,-0.15,0.0,0.0,0.0,0.0,0.0
1970/01/01/05:36:39.934000,-0.15,0.0,0.0,0.0,0.0,0.0
1970/01/01/05:36:39.935000,-0.15,0.0,0.0,0.0,0.0,0.0
1970/01/01/05:36:40.035000,-0.15,0.0,0.0,0.0,0.0,0.0
1970/01/01/05:36:40.036000,-0.15,0.0,0.0,0.0,0.0,0.0
1970/01/01/05:36:40.135000,-0.15,0.0,0.0,0.0,0.0,0.0
1970/01/01/05:36:40.137000,-0.15,0.0,0.0,0.0,0.0,0.0
1970/01/01/05:36:40.235000,-0.15,0.0,0.0,0.0,0.0,0.0
1970/01/01/05:36:40.236000,-0.15,0.0,0.0,0.0,0.0,0.0
1970/01/01/05:36:40.335000,-0.15,0.0,0.0,0.0,0.0,0.0
1970/01/01/05:36:40.336000,-0.15,0.0,0.0,0.0,0.0,0.0
1970/01/01/05:36:40.434000,-0.15,0.0,0.0,0.0,0.0,0.0
1970/01/01/05:36:40.434000,-0.15,0.0,0.0,0.0,0.0,0.0
1970/01/01/05:36:40.535000,-0.15,0.0,0.0,0.0,0.0,0.0
1970/01/01/05:36:40.536000,-0.15,0.0,0.0,0.0,0.0,0.0
1970/01/01/05:36:40.655000,-0.15,0.0,0.0,0.0,0.0,0.0
1970/01/01/05:36:40.655000,-0.15,0.0,0.0,0.0,0.0,0.0
1970/01/01/05:36:40.735000,-0.15,0.0,0.0,0.0,0.0,0.0
1970/01/01/05:36:40.736000,-0.15,0.0,0.0,0.0,0.0,0.0
1970/01/01/05:36:40.835000,-0.15,0.0,0.0,0.0,0.0,0.0
1970/01/01/05:36:40.836000,-0.15,0.0,0.0,0.0,0.0,0.0
1970/01/01/05:36:40.935000,-0.15,0.0,0.0,0.0,0.0,0.0
1970/01/01/05:36:40.935000,-0.15,0.0,0.0,0.0,0.0,0.0
1970/01/01/05:36:41.035000,-0.15,0.0,0.0,0.0,0.0,0.0
1970/01/01/05:36:41.037000,-0.15,0.0,0.0,0.0,0.0,0.0
1970/01/01/05:36:41.135000,-0.15,0.0,0.0,0.0,0.0,0.0
1970/01/01/05:36:41.136000,-0.15,0.0,0.0,0.0,0.0,0.0
1970/01/01/05:36:41.236000,-0.15,0.0,0.0,0.0,0.0,0.0
1970/01/01/05:36:41.236000,-0.15,0.0,0.0,0.0,0.0,0.0
1970/01/01/05:36:41.335000,-0.15,0.0,0.0,0.0,0.0,0.0
1970/01/01/05:36:41.336000,-0.15,0.0,0.0,0.0,0.0,0.0
1970/01/01/05:36:41.434000,-0.15,0.0,0.0,0.0,0.0,0.0
1970/01/01/05:36:41.436000,-0.15,0.0,0.0,0.0,0.0,0.0
1970/01/01/05:36:41.534000,-0.15,0.0,0.0,0.0,0.0,0.0
1970/01/01/05:36:41.535000,-0.15,0.0,0.0,0.0,0.0,0.0
1970/01/01/05:36:41.635000,-0.15,0.0,0.0,0.0,0.0,0.0
1970/01/01/05:36:41.636000,-0.15,0.0,0.0,0.0,0.0,0.0
1970/01/01/05:36:41.734000,-0.15,0.0,0.0,0.0,0.0,0.0
1970/01/01/05:36:41.735000,-0.15,0.0,0.0,0.0,0.0,0.0
1970/01/01/05:36:41.835000,-0.15,0.0,0.0,0.0,0.0,0.0
1970/01/01/05:36:41.837000,-0.15,0.0,0.0,0.0,0.0,0.0
1970/01/01/05:36:41.935000,-0.15,0.0,0.0,0.0,0.0,0.0
1970/01/01/05:36:41.937000,-0.15,0.0,0.0,0.0,0.0,0.0
1970/01/01/05:36:42.033000,-0.15,0.0,0.0,0.0,0.0,0.0
1970/01/01/05:36:42.034000,-0.15,0.0,0.0,0.0,0.0,0.0
1970/01/01/05:36:42.135000,-0.15,0.0,0.0,0.0,0.0,0.0
1970/01/01/05:36:42.136000,-0.15,0.0,0.0,0.0,0.0,0.0
1970/01/01/05:36:42.234000,-0.15,0.0,0.0,0.0,0.0,0.0
1970/01/01/05:36:42.235000,-0.15,0.0,0.0,0.0,0.0,0.0
1970/01/01/05:36:42.335000,-0.15,0.0,0.0,0.0,0.0,0.0
1970/01/01/05:36:42.336000,-0.15,0.0,0.0,0.0,0.0,0.0
1970/01/01/05:36:42.434000,-0.15,0.0,0.0,0.0,0.0,0.0
1970/01/01/05:36:42.435000,-0.15,0.0,0.0,0.0,0.0,0.0
1970/01/01/05:36:42.535000,-0.15,0.0,0.0,0.0,0.0,0.0
1970/01/01/05:36:42.536000,-0.15,0.0,0.0,0.0,0.0,0.0
1970/01/01/05:36:42.635000,-0.15,0.0,0.0,0.0,0.0,0.0
1970/01/01/05:36:42.637000,-0.15,0.0,0.0,0.0,0.0,0.0
1970/01/01/05:36:42.735000,-0.15,0.0,0.0,0.0,0.0,0.0
1970/01/01/05:36:42.737000,-0.15,0.0,0.0,0.0,0.0,0.0
1970/01/01/05:36:42.835000,-0.15,0.0,0.0,0.0,0.0,0.0
1970/01/01/05:36:42.836000,-0.15,0.0,0.0,0.0,0.0,0.0
1970/01/01/05:36:42.935000,-0.15,0.0,0.0,0.0,0.0,0.0
1970/01/01/05:36:42.936000,-0.15,0.0,0.0,0.0,0.0,0.0
1970/01/01/05:36:43.034000,-0.15,0.0,0.0,0.0,0.0,0.0
1970/01/01/05:36:43.035000,-0.15,0.0,0.0,0.0,0.0,0.0
1970/01/01/05:36:43.135000,-0.15,0.0,0.0,0.0,0.0,0.0
1970/01/01/05:36:43.136000,-0.15,0.0,0.0,0.0,0.0,0.0
1970/01/01/05:36:43.235000,-0.15,0.0,0.0,0.0,0.0,0.0
1970/01/01/05:36:43.236000,-0.15,0.0,0.0,0.0,0.0,0.0
1970/01/01/05:36:43.334000,-0.15,0.0,0.0,0.0,0.0,0.0
1970/01/01/05:36:43.335000,-0.15,0.0,0.0,0.0,0.0,0.0
1970/01/01/05:36:43.435000,-0.15,0.0,0.0,0.0,0.0,0.0
1970/01/01/05:36:43.436000,-0.15,0.0,0.0,0.0,0.0,0.0
1970/01/01/05:36:43.535000,-0.15,0.0,0.0,0.0,0.0,0.0
1970/01/01/05:36:43.536000,-0.15,0.0,0.0,0.0,0.0,0.0
1970/01/01/05:36:43.634000,-0.15,0.0,0.0,0.0,0.0,0.0
1970/01/01/05:36:43.634000,-0.15,0.0,0.0,0.0,0.0,0.0
1970/01/01/05:36:43.733000,-0.15,0.0,0.0,0.0,0.0,0.0
1970/01/01/05:36:43.734000,-0.15,0.0,0.0,0.0,0.0,0.0
1970/01/01/05:36:43.835000,-0.15,0.0,0.0,0.0,0.0,0.0
1970/01/01/05:36:43.836000,-0.15,0.0,0.0,0.0,0.0,0.0
1970/01/01/05:36:43.935000,-0.15,0.0,0.0,0.0,0.0,0.0
1970/01/01/05:36:43.936000,-0.15,0.0,0.0,0.0,0.0,0.0
1970/01/01/05:36:44.035000,-0.15,0.0,0.0,0.0,0.0,0.0
1970/01/01/05:36:44.036000,-0.15,0.0,0.0,0.0,0.0,0.0
1970/01/01/05:36:44.136000,-0.15,0.0,0.0,0.0,0.0,0.0
1970/01/01/05:36:44.138000,-0.15,0.0,0.0,0.0,0.0,0.0
1970/01/01/05:36:44.235000,-0.15,0.0,0.0,0.0,0.0,0.0
1970/01/01/05:36:44.236000,-0.15,0.0,0.0,0.0,0.0,0.0
1970/01/01/05:36:44.335000,-0.15,0.0,0.0,0.0,0.0,0.0
1970/01/01/05:36:44.336000,-0.15,0.0,0.0,0.0,0.0,0.0
1970/01/01/05:36:44.435000,-0.15,0.0,0.0,0.0,0.0,0.0
1970/01/01/05:36:44.436000,-0.15,0.0,0.0,0.0,0.0,0.0
1970/01/01/05:36:44.535000,-0.15,0.0,0.0,0.0,0.0,0.0
1970/01/01/05:36:44.536000,-0.15,0.0,0.0,0.0,0.0,0.0
1970/01/01/05:36:44.635000,-0.15,0.0,0.0,0.0,0.0,0.0
1970/01/01/05:36:44.636000,-0.15,0.0,0.0,0.0,0.0,0.0
1970/01/01/05:36:44.735000,-0.15,0.0,0.0,0.0,0.0,0.0
1970/01/01/05:36:44.736000,-0.15,0.0,0.0,0.0,0.0,0.0
1970/01/01/05:36:44.835000,-0.15,0.0,0.0,0.0,0.0,0.0
1970/01/01/05:36:44.836000,-0.15,0.0,0.0,0.0,0.0,0.0
1970/01/01/05:36:44.935000,-0.15,0.0,0.0,0.0,0.0,0.0
1970/01/01/05:36:44.935000,-0.15,0.0,0.0,0.0,0.0,0.0
1970/01/01/05:36:45.034000,-0.15,0.0,0.0,0.0,0.0,0.0
1970/01/01/05:36:45.035000,-0.15,0.0,0.0,0.0,0.0,0.0
1970/01/01/05:36:45.134000,-0.15,0.0,0.0,0.0,0.0,0.0
1970/01/01/05:36:45.135000,-0.15,0.0,0.0,0.0,0.0,0.0
1970/01/01/05:36:45.235000,-0.15,0.0,0.0,0.0,0.0,0.0
1970/01/01/05:36:45.236000,-0.15,0.0,0.0,0.0,0.0,0.0
1970/01/01/05:36:45.335000,-0.15,0.0,0.0,0.0,0.0,0.0
1970/01/01/05:36:45.336000,-0.15,0.0,0.0,0.0,0.0,0.0
1970/01/01/05:36:45.434000,-0.15,0.0,0.0,0.0,0.0,0.0
1970/01/01/05:36:45.435000,-0.15,0.0,0.0,0.0,0.0,0.0
1970/01/01/05:36:45.535000,-0.15,0.0,0.0,0.0,0.0,0.0
1970/01/01/05:36:45.536000,-0.15,0.0,0.0,0.0,0.0,0.0
1970/01/01/05:36:45.635000,-0.15,0.0,0.0,0.0,0.0,0.0
1970/01/01/05:36:45.637000,-0.15,0.0,0.0,0.0,0.0,0.0
1970/01/01/05:36:45.735000,-0.15,0.0,0.0,0.0,0.0,0.0
1970/01/01/05:36:45.736000,-0.15,0.0,0.0,0.0,0.0,0.0
1970/01/01/05:36:45.835000,-0.15,0.0,0.0,0.0,0.0,0.0
1970/01/01/05:36:45.836000,-0.15,0.0,0.0,0.0,0.0,0.0
1970/01/01/05:36:45.934000,-0.15,0.0,0.0,0.0,0.0,0.0
1970/01/01/05:36:45.934000,-0.15,0.0,0.0,0.0,0.0,0.0
1970/01/01/05:36:46.035000,-0.15,0.0,0.0,0.0,0.0,0.0
1970/01/01/05:36:46.036000,-0.15,0.0,0.0,0.0,0.0,0.0
1970/01/01/05:36:46.133000,-0.15,0.0,0.0,0.0,0.0,0.0
1970/01/01/05:36:46.135000,-0.15,0.0,0.0,0.0,0.0,0.0
1970/01/01/05:36:46.235000,-0.15,0.0,0.0,0.0,0.0,0.0
1970/01/01/05:36:46.236000,-0.15,0.0,0.0,0.0,0.0,0.0
1970/01/01/05:36:46.334000,-0.15,0.0,0.0,0.0,0.0,0.0
1970/01/01/05:36:46.336000,-0.15,0.0,0.0,0.0,0.0,0.0
1970/01/01/05:36:46.434000,-0.15,0.0,0.0,0.0,0.0,0.0
1970/01/01/05:36:46.435000,-0.15,0.0,0.0,0.0,0.0,0.0
1970/01/01/05:36:46.535000,-0.15,0.0,0.0,0.0,0.0,0.0
1970/01/01/05:36:46.537000,-0.15,0.0,0.0,0.0,0.0,0.0
1970/01/01/05:36:46.634000,-0.15,0.0,0.0,0.0,0.0,0.0
1970/01/01/05:36:46.635000,-0.15,0.0,0.0,0.0,0.0,0.0
1970/01/01/05:36:46.736000,-0.15,0.0,0.0,0.0,0.0,0.0
1970/01/01/05:36:46.737000,-0.15,0.0,0.0,0.0,0.0,0.0
1970/01/01/05:36:46.834000,-0.15,0.0,0.0,0.0,0.0,0.0
1970/01/01/05:36:46.835000,-0.15,0.0,0.0,0.0,0.0,0.0
1970/01/01/05:36:46.935000,-0.15,0.0,0.0,0.0,0.0,0.0
1970/01/01/05:36:46.935000,-0.15,0.0,0.0,0.0,0.0,0.0
1970/01/01/05:36:47.034000,-0.15,0.0,0.0,0.0,0.0,0.0
1970/01/01/05:36:47.035000,-0.15,0.0,0.0,0.0,0.0,0.0
1970/01/01/05:36:47.135000,-0.15,0.0,0.0,0.0,0.0,0.0
1970/01/01/05:36:47.137000,-0.15,0.0,0.0,0.0,0.0,0.0
1970/01/01/05:36:47.235000,-0.15,0.0,0.0,0.0,0.0,0.0
1970/01/01/05:36:47.237000,-0.15,0.0,0.0,0.0,0.0,0.0
1970/01/01/05:36:47.334000,-0.15,0.0,0.0,0.0,0.0,0.0
1970/01/01/05:36:47.336000,-0.15,0.0,0.0,0.0,0.0,0.0
1970/01/01/05:36:47.434000,-0.15,0.0,0.0,0.0,0.0,0.0
1970/01/01/05:36:47.436000,-0.15,0.0,0.0,0.0,0.0,0.0
1970/01/01/05:36:47.535000,-0.15,0.0,0.0,0.0,0.0,0.0
1970/01/01/05:36:47.536000,-0.15,0.0,0.0,0.0,0.0,0.0
1970/01/01/05:36:47.634000,-0.15,0.0,0.0,0.0,0.0,0.0
1970/01/01/05:36:47.636000,-0.15,0.0,0.0,0.0,0.0,0.0
1970/01/01/05:36:47.735000,-0.15,0.0,0.0,0.0,0.0,0.0
1970/01/01/05:36:47.736000,-0.15,0.0,0.0,0.0,0.0,0.0
1970/01/01/05:36:47.835000,-0.15,0.0,0.0,0.0,0.0,0.0
1970/01/01/05:36:47.836000,-0.15,0.0,0.0,0.0,0.0,0.0
1970/01/01/05:36:47.935000,-0.15,0.0,0.0,0.0,0.0,0.0
1970/01/01/05:36:47.936000,-0.15,0.0,0.0,0.0,0.0,0.0
1970/01/01/05:36:48.035000,-0.15,0.0,0.0,0.0,0.0,0.0
1970/01/01/05:36:48.036000,-0.15,0.0,0.0,0.0,0.0,0.0
1970/01/01/05:36:48.135000,-0.15,0.0,0.0,0.0,0.0,0.0
1970/01/01/05:36:48.136000,-0.15,0.0,0.0,0.0,0.0,0.0
1970/01/01/05:36:48.236000,-0.15,0.0,0.0,0.0,0.0,0.0
1970/01/01/05:36:48.237000,-0.15,0.0,0.0,0.0,0.0,0.0
1970/01/01/05:36:48.335000,-0.15,0.0,0.0,0.0,0.0,0.0
1970/01/01/05:36:48.335000,-0.15,0.0,0.0,0.0,0.0,0.0
1970/01/01/05:36:48.434000,-0.15,0.0,0.0,0.0,0.0,0.0
1970/01/01/05:36:48.435000,-0.15,0.0,0.0,0.0,0.0,0.0
1970/01/01/05:36:48.535000,-0.15,0.0,0.0,0.0,0.0,0.0
1970/01/01/05:36:48.536000,-0.15,0.0,0.0,0.0,0.0,0.0
1970/01/01/05:36:48.634000,-0.15,0.0,0.0,0.0,0.0,0.0
1970/01/01/05:36:48.635000,-0.15,0.0,0.0,0.0,0.0,0.0
1970/01/01/05:36:48.734000,-0.15,0.0,0.0,0.0,0.0,0.0
1970/01/01/05:36:48.735000,-0.15,0.0,0.0,0.0,0.0,0.0
1970/01/01/05:36:48.834000,-0.15,0.0,0.0,0.0,0.0,0.0
1970/01/01/05:36:48.835000,-0.15,0.0,0.0,0.0,0.0,0.0
1970/01/01/05:36:48.935000,-0.15,0.0,0.0,0.0,0.0,0.0
1970/01/01/05:36:48.937000,-0.15,0.0,0.0,0.0,0.0,0.0
1970/01/01/05:36:49.035000,-0.15,0.0,0.0,0.0,0.0,0.0
1970/01/01/05:36:49.036000,0.0,0.0,0.0,0.0,0.0,0.0
1970/01/01/05:36:49.136000,0.0,0.0,0.0,0.0,0.0,0.0
1970/01/01/05:36:49.235000,0.0,0.0,0.0,0.0,0.0,0.0
1970/01/01/05:36:49.335000,0.0,0.0,0.0,0.0,0.0,0.0
1970/01/01/05:36:49.436000,0.0,0.0,0.0,0.0,0.0,0.0
1970/01/01/05:36:49.536000,0.0,0.0,0.0,0.0,0.0,0.0
1970/01/01/05:36:49.636000,0.0,0.0,0.0,0.0,0.0,0.0
1970/01/01/05:36:49.736000,0.0,0.0,0.0,0.0,0.0,0.0
1970/01/01/05:36:49.835000,0.0,0.0,0.0,0.0,0.0,0.0
1970/01/01/05:36:49.935000,0.0,0.0,0.0,0.0,0.0,0.0
1970/01/01/05:36:50.036000,0.0,0.0,0.0,0.0,0.0,0.0
1970/01/01/05:36:50.136000,0.0,0.0,0.0,0.0,0.0,0.0
1970/01/01/05:36:50.237000,0.0,0.0,0.0,0.0,0.0,0.0
1970/01/01/05:36:50.336000,0.0,0.0,0.0,0.0,0.0,0.0
1970/01/01/05:36:50.436000,0.0,0.0,0.0,0.0,0.0,0.0
1970/01/01/05:36:50.536000,0.0,0.0,0.0,0.0,0.0,0.0
1970/01/01/05:36:50.635000,0.0,0.0,0.0,0.0,0.0,0.0
1970/01/01/05:36:50.735000,0.0,0.0,0.0,0.0,0.0,0.0
1970/01/01/05:36:50.835000,0.0,0.0,0.0,0.0,0.0,0.0
1970/01/01/05:36:50.934000,0.0,0.0,0.0,0.0,0.0,0.0
1970/01/01/05:36:51.035000,0.0,0.0,0.0,0.0,0.0,0.0
1970/01/01/05:36:51.136000,0.0,0.0,0.0,0.0,0.0,0.0
1970/01/01/05:36:51.236000,0.0,0.0,0.0,0.0,0.0,0.0
1970/01/01/05:36:51.336000,0.0,0.0,0.0,0.0,0.0,0.0
1970/01/01/05:36:51.437000,0.0,0.0,0.0,0.0,0.0,0.0
1970/01/01/05:36:51.536000,0.0,0.0,0.0,0.0,0.0,0.0
1970/01/01/05:36:51.634000,0.0,0.0,0.0,0.0,0.0,0.0
1970/01/01/05:36:51.735000,0.0,0.0,0.0,0.0,0.0,0.0
1970/01/01/05:36:51.836000,0.0,0.0,0.0,0.0,0.0,0.0
1970/01/01/05:36:51.936000,0.0,0.0,0.0,0.0,0.0,0.0
1970/01/01/05:36:52.037000,0.0,0.0,0.0,0.0,0.0,0.0
1970/01/01/05:36:52.136000,0.0,0.0,0.0,0.0,0.0,0.0
1970/01/01/05:36:52.235000,0.0,0.0,0.0,0.0,0.0,0.0
1970/01/01/05:36:52.337000,0.0,0.0,0.0,0.0,0.0,0.0
1970/01/01/05:36:52.436000,0.0,0.0,0.0,0.0,0.0,0.0
1970/01/01/05:36:52.534000,0.0,0.0,0.0,0.0,0.0,0.0
1970/01/01/05:36:52.636000,0.0,0.0,0.0,0.0,0.0,0.0
1970/01/01/05:36:52.735000,0.0,0.0,0.0,0.0,0.0,0.0
1970/01/01/05:36:52.836000,0.0,0.0,0.0,0.0,0.0,0.0
1970/01/01/05:36:52.936000,0.0,0.0,0.0,0.0,0.0,0.0
1970/01/01/05:36:53.035000,0.0,0.0,0.0,0.0,0.0,0.0
1970/01/01/05:36:53.117000,0.0,0.0,0.0,0.0,0.0,0.0
