Link Name,Center of Mass X,Center of Mass Y,Center of Mass Z,Center of Mass Roll,Center of Mass Pitch,Center of Mass Yaw,Mass,Moment Ixx,Moment Ixy,Moment Ixz,Moment Iyy,Moment Iyz,Moment Izz,Visual X,Visual Y,Visual Z,Visual Roll,Visual Pitch,Visual Yaw,Mesh Filename,Color Red,Color Green,Color Blue,Color Alpha,Collision X,Collision Y,Collision Z,Collision Roll,Collision Pitch,Collision Yaw,Collision Mesh Filename,Material Name,SW Components,Coordinate System,Axis Name,Joint Name,Joint Type,Joint Origin X,Joint Origin Y,Joint Origin Z,Joint Origin Roll,Joint Origin Pitch,Joint Origin Yaw,Parent,Joint Axis X,Joint Axis Y,Joint Axis Z,Limit Effort,Limit Velocity,Limit Lower,Limit Upper,Calibration rising,Calibration falling,Dynamics Damping,Dynamics Friction,Safety Soft Upper,Safety Soft Lower,Safety K Position,Safety K Velocity
base_footprint,-2.22044604925031E-16,-1.11022302462516E-16,0.0150000000000001,0,0,0,9.42477796076935E-05,7.0921454154789E-09,1.03652098221875E-56,-2.73196242009683E-42,7.0921454154789E-09,2.54645439948026E-23,4.71238898038468E-11,0,0,0,0,0,0,package://forkamrtest3/meshes/base_footprint.STL,0.792156862745098,0.819607843137255,0.933333333333333,1,0,0,0,0,0,0,package://forkamrtest3/meshes/base_footprint.STL,,base foot print-2,Coordinate System9BFP,,,,0,0,0,0,0,0,,0,0,0,,,,,,,,,,,,
base_link,0.46875348596942,0.000343113287662122,0.176433461672969,0,0,0,5.37682193052439,0.236486794589605,-0.000892001504283949,-0.224856062792506,0.94960478102618,-0.000244756354225053,1.00366495457815,0,0,0,0,0,0,package://forkamrtest3/meshes/base_link.STL,0.792156862745098,0.819607843137255,0.933333333333333,1,0,0,0,0,0,0,package://forkamrtest3/meshes/base_link.STL,,fork structure-1;spur gear_am-2,Coordinate System2BL,,base_joint,fixed,-0.84027,0,0.08,0,0,0,base_footprint,0,0,0,,,,,,,,,,,,
motor_link,0.00210376812546609,0.0105050648024198,-0.129597911206188,0,0,0,4.08632554025865,0.0144898677138344,0.000783428625159998,-7.76005852187133E-05,0.0152877985069575,0.000208365043649313,0.0195515217807752,0,0,0,0,0,0,package://forkamrtest3/meshes/motor_link.STL,0.792156862745098,0.819607843137255,0.933333333333333,1,0,0,0,0,0,0,package://forkamrtest3/meshes/motor_link.STL,,motor mount new revised.stp-1;AGV089A01&03-1/AGV089A01&03.stp-1/GEARBOX_INTEGRATED_089_SOLID_ASM.stp-1/GEARBOX_INPUT_HOLDER_089_SOLID_ASM.stp-1/GEARBOX_INPUT_HOLDER_089.stp-1;AGV089A01&03-1/AGV089A01&03.stp-1/089UDA_HSG_0.stp-1;AGV089A01&03-1/AGV089A01&03.stp-1/GEARBOX_INTEGRATED_089_SOLID_ASM.stp-1/GEARBOX_INPUT_HOLDER_089_SOLID_ASM.stp-1/VRLZ-90-9-255_SOLID.stp-1;2000kg motor.stp-1/142LDA_AGV__ASM_644_1_ASM.stp-1/SK8323-002-01_AF0_853_1.stp-1;2000kg motor.stp-1/142LDA_AGV__ASM_644_1_ASM.stp-1/IM1223SA08_AF0_ASM_365_1_ASM.stp-1/IM0680MC_AF0_1056_1.stp-1;2000kg motor.stp-1/142LDA_AGV__ASM_644_1_ASM.stp-1/IM01648SA_AF0_ASM_341_1_ASM.stp-1/IM0678MC_AF0_748_1.stp-1;2000kg motor.stp-1/142LDA_AGV__ASM_644_1_ASM.stp-1/GEARBOX_INTEGRATED_142_SOLID__2_ASM.stp-1/GEARBOX_INPUT_HOLDER_142_WHEE_1_ASM.stp-1/VRL-120_12_1.stp-1;AGV089A01&03-1/AGV089A01&03.stp-1/089_FEF_100_GBOX_ASM.stp-1/FEF_100PCD_GBOX_AF0_ASM.stp-1/FEF_89_100PCD_GBOX_AF1.stp-1;AGV089A01&03-1/AGV089A01&03.stp-1/089_REF_3_ASM.stp-1/IM0449MC_AF0.stp-1;AGV089A01&03-1/AGV089A01&03.stp-1/089_REF_3_ASM.stp-1/COVER_84_RES_PLAIN_AF1_ASM.stp-1/IM0133CA03_AF1.stp-1,Coordinate System3ML,Axis2,motor_joint,revolute,0.84027,0,0.216,0,0,0,base_link,0,0,1,0,0,0,0,,,,,,,,
wheel_link,0.000536849001509632,1.67088707314633E-08,-0.0211602083502366,0,0,0,1.21637660223564,0.00444635735525104,1.36195810090993E-06,-9.58866495614166E-05,0.00444225537797136,3.44626993707972E-08,0.00822330988727168,0,0,0,0,0,0,package://forkamrtest3/meshes/wheel_link.STL,0.792156862745098,0.819607843137255,0.933333333333333,1,0,0,0,0,0,0,package://forkamrtest3/meshes/wheel_link.STL,,200wheel.stp-1,Coordinate System4WHL,Axis1,wheel_joint,continuous,-0.0005453,-0.021493,-0.195,1.5708,0,0,motor_link,0.025363,0,-0.99968,,,,,,,,,,,,
lroller_link,0,-0.0299999999999999,-2.22044604925031E-16,0,0,0,0.296880505764236,0.000209671857195992,3.77401154477326E-21,-1.45520456793684E-21,0.000241215410933442,-1.72191555296234E-38,0.000209671857195992,0,0,0,0,0,0,package://forkamrtest3/meshes/lroller_link.STL,0.792156862745098,0.819607843137255,0.933333333333333,1,0,0,0,0,0,0,package://forkamrtest3/meshes/lroller_link.STL,,roller.stp-1,Coordinate System6RR,Axis6,lroller_joint,continuous,-0.49533,-0.175,0.01,0,0,0,base_link,0,-1,0,,,,,,,,,,,,
rroller_link,-8.32667268468867E-17,0.0299999999999999,-2.22044604925031E-16,0,0,0,0.296880505764235,0.000209671857195991,-8.97117636505482E-20,1.76936437307522E-33,0.000241215410933441,-1.18430182019675E-19,0.000209671857195991,0,0,0,0,0,0,package://forkamrtest3/meshes/rroller_link.STL,0.792156862745098,0.819607843137255,0.933333333333333,1,0,0,0,0,0,0,package://forkamrtest3/meshes/rroller_link.STL,,roller.stp-2,Coordinate System5LR,Axis7,rroller_joint,continuous,-0.49533,0.175,0.01,0,0,0,base_link,0,1,0,,,,,,,,,,,,
laser_link,0,-2.67230682027275E-13,-0.0394999999999999,0,0,0,0.39709731141375,0.000365362617943268,6.5253044679986E-52,-1.21245706409418E-36,0.000365362617943268,6.46109837352296E-20,0.000317677849131001,0,0,0,0,0,0,package://forkamrtest3/meshes/laser_link.STL,0.792156862745098,0.819607843137255,0.933333333333333,1,0,0,0,0,0,0,package://forkamrtest3/meshes/laser_link.STL,,lidar-1,Coordinate System7LI,,laser_joint,fixed,0.87274,-0.0013109,0.394,0,0,0,base_link,0,0,0,,,,,,,,,,,,
imu,0,0,-0.00149999999999983,0,0,0,0.00269999999999989,2.04524999999992E-07,9.62348012692116E-24,8.27180612546983E-25,2.04524999999989E-07,-4.79103010778501E-25,4.04999999999981E-07,0,0,0,0,0,0,package://forkamrtest3/meshes/imu.STL,0.792156862745098,0.819607843137255,0.933333333333333,1,0,0,0,0,0,0,package://forkamrtest3/meshes/imu.STL,,IMU.stp-1,Coordinate System8IMU,,imu_joint,fixed,0.89005,-0.24069,0.3195,0,0,0,base_link,0,0,0,,,,,,,,,,,,
